gcm_cluster,cluster_size,max_cpds_tested,num_assays,num_assays_enriched,fract_assays_enriched,num_assays_enriched_up,num_assays_enriched_down,gcm_conclusion
523,327,197,25,1,0.04,0,1,yes
662,277,150,35,1,0.0285714285714285,1,0,yes
720,260,146,26,1,0.0384615384615384,1,0,yes
743,254,133,27,2,0.074074074074074,2,0,yes
764,248,108,35,2,0.0571428571428571,2,0,yes
817,236,183,25,2,0.08,2,1,yes
823,236,134,16,1,0.0625,0,1,yes
905,220,172,26,1,0.0384615384615384,1,0,yes
951,210,122,12,1,0.0833333333333333,1,0,yes
953,209,125,73,4,0.0547945205479452,4,0,yes
972,207,155,37,1,0.027027027027027,0,1,yes
986,205,138,25,2,0.08,2,0,yes
999,203,192,22,1,0.0454545454545454,1,0,yes
1022,200,199,16,1,0.0625,1,0,yes
1043,198,198,25,1,0.04,1,0,yes
1083,191,191,24,1,0.0416666666666666,1,0,yes
1086,191,133,26,1,0.0384615384615384,1,0,yes
1109,188,130,27,3,0.1111111111111111,1,2,yes
1121,186,104,76,2,0.0263157894736842,1,1,yes
1209,175,101,38,1,0.0263157894736842,0,1,yes
1211,175,112,11,2,0.1818181818181818,2,0,yes
1220,174,174,31,1,0.032258064516129,0,1,yes
1250,171,91,24,2,0.0833333333333333,2,0,yes
1300,164,164,45,4,0.0888888888888888,4,0,yes
1313,163,163,25,2,0.08,2,0,yes
1321,162,98,23,1,0.0434782608695652,0,1,yes
1423,152,132,32,1,0.03125,1,0,yes
1535,143,142,56,1,0.0178571428571428,1,0,yes
1590,139,128,24,2,0.0833333333333333,2,0,yes
1619,138,96,38,1,0.0263157894736842,1,0,yes
1651,136,98,34,1,0.0294117647058823,0,1,yes
1661,135,93,100,1,0.01,1,0,yes
1685,134,51,68,3,0.0441176470588235,3,0,yes
1769,127,127,41,3,0.073170731707317,3,0,yes
1770,127,127,25,1,0.04,1,0,yes
1801,126,119,36,1,0.0277777777777777,1,0,yes
1866,122,121,38,1,0.0263157894736842,1,0,yes
1874,121,93,27,1,0.037037037037037,1,0,yes
1942,118,79,98,1,0.010204081632653,1,0,yes
1946,118,100,37,1,0.027027027027027,1,0,yes
1962,117,59,55,3,0.0545454545454545,2,1,yes
1983,115,84,104,1,0.0096153846153846,1,0,yes
1991,115,113,36,3,0.0833333333333333,3,0,yes
2013,114,106,23,1,0.0434782608695652,1,0,yes
2042,112,112,42,1,0.0238095238095238,1,0,yes
2087,110,82,19,1,0.0526315789473684,1,0,yes
2098,109,69,74,1,0.0135135135135135,0,1,yes
2132,107,107,49,1,0.0204081632653061,1,0,yes
2134,107,107,42,1,0.0238095238095238,0,1,yes
2136,107,107,43,2,0.0465116279069767,2,0,yes
2178,105,86,31,1,0.032258064516129,1,0,yes
2180,104,92,12,1,0.0833333333333333,1,0,yes
2191,104,89,47,1,0.0212765957446808,1,0,yes
2196,104,60,26,1,0.0384615384615384,1,0,yes
2237,102,57,46,2,0.0434782608695652,0,2,yes
2239,102,101,13,2,0.1538461538461538,2,0,yes
2257,101,101,26,3,0.1153846153846153,2,1,yes
2267,101,97,18,2,0.1111111111111111,2,0,yes
2274,101,55,27,1,0.037037037037037,1,0,yes
2275,101,101,30,1,0.0333333333333333,0,1,yes
2279,101,101,33,2,0.0606060606060606,1,1,yes
2280,101,90,12,1,0.0833333333333333,1,0,yes
2311,99,58,68,2,0.0294117647058823,2,0,yes
2333,99,99,43,1,0.0232558139534883,1,0,yes
2347,98,96,26,2,0.0769230769230769,2,0,yes
2378,97,67,25,1,0.04,1,0,yes
2387,96,96,27,1,0.037037037037037,1,0,yes
2419,95,67,36,1,0.0277777777777777,1,0,yes
2421,95,87,39,2,0.0512820512820512,2,0,yes
2434,95,93,17,1,0.0588235294117647,0,1,yes
2442,94,85,45,1,0.0222222222222222,1,0,yes
2458,94,58,48,1,0.0208333333333333,1,0,yes
2467,93,90,62,2,0.032258064516129,2,0,yes
2489,93,57,36,1,0.0277777777777777,0,1,yes
2538,91,62,40,1,0.025,0,1,yes
2540,91,89,69,1,0.0144927536231884,1,0,yes
2556,90,61,84,2,0.0238095238095238,1,1,yes
2668,86,86,40,3,0.075,2,1,yes
2688,86,86,17,2,0.1176470588235294,0,2,yes
2723,85,85,33,1,0.0303030303030303,0,1,yes
2729,85,63,50,2,0.04,2,0,yes
2774,83,44,27,1,0.037037037037037,0,1,yes
2781,83,83,13,1,0.0769230769230769,1,0,yes
2798,82,73,18,1,0.0555555555555555,0,1,yes
2801,82,78,52,1,0.0192307692307692,1,0,yes
2827,81,75,39,1,0.0256410256410256,1,0,yes
2849,81,50,68,1,0.0147058823529411,1,0,yes
2856,80,66,27,1,0.037037037037037,1,0,yes
2877,80,59,35,1,0.0285714285714285,1,0,yes
2878,80,51,36,1,0.0277777777777777,0,1,yes
2906,79,79,17,2,0.1176470588235294,0,2,yes
2916,79,45,24,1,0.0416666666666666,0,1,yes
2928,79,65,25,1,0.04,0,1,yes
2931,79,79,43,5,0.1162790697674418,2,3,yes
2934,78,47,68,5,0.0735294117647058,5,0,yes
2938,78,54,34,1,0.0294117647058823,1,0,yes
2952,78,70,40,1,0.025,0,1,yes
2957,78,52,47,5,0.1063829787234042,1,4,yes
2958,78,62,77,2,0.0259740259740259,2,0,yes
3048,75,41,35,1,0.0285714285714285,1,0,yes
3089,74,73,50,1,0.02,1,0,yes
3101,74,74,31,3,0.0967741935483871,1,2,yes
3143,73,40,92,1,0.0108695652173913,1,0,yes
3162,73,73,44,1,0.0227272727272727,1,0,yes
3176,73,56,36,2,0.0555555555555555,2,0,yes
3201,72,41,101,4,0.0396039603960396,4,0,yes
3202,72,43,71,1,0.0140845070422535,1,0,yes
3215,72,40,72,3,0.0416666666666666,1,2,yes
3234,71,71,45,1,0.0222222222222222,1,0,yes
3237,71,71,38,2,0.0526315789473684,2,0,yes
3240,71,55,37,1,0.027027027027027,0,1,yes
3249,71,39,24,2,0.0833333333333333,1,1,yes
3270,71,68,27,5,0.1851851851851851,5,0,yes
3290,70,44,34,3,0.088235294117647,2,3,yes
3343,69,69,26,1,0.0384615384615384,0,1,yes
3370,69,69,19,1,0.0526315789473684,1,0,yes
3434,67,67,41,1,0.024390243902439,0,1,yes
3440,67,54,38,1,0.0263157894736842,1,0,yes
3461,67,45,44,2,0.0454545454545454,0,2,yes
3464,67,65,33,2,0.0606060606060606,2,0,yes
3501,66,66,44,4,0.0909090909090909,3,1,yes
3524,66,55,81,2,0.0246913580246913,2,0,yes
3537,65,65,42,1,0.0238095238095238,0,1,yes
3571,65,63,27,1,0.037037037037037,1,0,yes
3600,64,44,55,4,0.0727272727272727,4,0,yes
3607,64,64,13,2,0.1538461538461538,2,0,yes
3618,64,57,20,3,0.15,3,0,yes
3646,63,48,26,1,0.0384615384615384,0,1,yes
3655,63,41,64,1,0.015625,1,0,yes
3680,63,63,21,3,0.1428571428571428,2,1,yes
3685,62,62,13,1,0.0769230769230769,1,0,yes
3734,61,40,26,3,0.1153846153846153,1,2,yes
3754,61,57,88,1,0.0113636363636363,1,0,yes
3761,61,54,40,1,0.025,0,1,yes
3777,61,61,29,1,0.0344827586206896,0,1,yes
3807,60,31,81,1,0.0123456790123456,1,0,yes
3827,60,42,39,1,0.0256410256410256,0,1,yes
3870,59,57,20,1,0.05,1,0,yes
3895,59,28,47,3,0.0638297872340425,3,0,yes
3942,58,34,32,1,0.03125,1,0,yes
3948,58,36,70,1,0.0142857142857142,1,0,yes
3963,58,52,64,1,0.015625,0,1,yes
3983,58,58,72,3,0.0416666666666666,1,2,yes
3999,57,45,26,1,0.0384615384615384,1,0,yes
4027,57,57,19,1,0.0526315789473684,0,1,yes
4031,57,40,99,4,0.0404040404040404,1,3,yes
4042,57,32,62,3,0.0483870967741935,3,0,yes
4066,56,50,39,1,0.0256410256410256,1,0,yes
4130,55,35,40,1,0.025,1,0,yes
4137,55,30,62,1,0.0161290322580645,1,0,yes
4161,55,37,72,2,0.0277777777777777,1,1,yes
4186,55,54,52,1,0.0192307692307692,1,0,yes
4187,55,55,45,5,0.1111111111111111,4,1,yes
4191,55,29,20,1,0.05,0,1,yes
4215,54,42,41,1,0.024390243902439,1,0,yes
4228,54,40,45,1,0.0222222222222222,1,0,yes
4236,54,31,12,1,0.0833333333333333,1,0,yes
4240,54,44,35,1,0.0285714285714285,0,1,yes
4261,54,24,79,1,0.0126582278481012,1,0,yes
4268,54,41,63,1,0.0158730158730158,1,0,yes
4350,52,27,75,2,0.0266666666666666,0,2,yes
4374,52,42,74,2,0.027027027027027,1,1,yes
4404,52,52,19,2,0.1052631578947368,0,2,yes
4428,51,26,65,1,0.0153846153846153,1,0,yes
4449,51,26,33,4,0.1212121212121212,4,0,yes
4470,51,28,49,2,0.0408163265306122,2,0,yes
4490,50,43,36,1,0.0277777777777777,0,1,yes
4538,50,48,25,1,0.04,1,0,yes
4546,50,28,68,1,0.0147058823529411,0,1,yes
4556,50,49,18,1,0.0555555555555555,1,0,yes
4576,49,35,88,3,0.034090909090909,3,0,yes
4578,49,31,39,1,0.0256410256410256,0,1,yes
4609,49,32,86,1,0.0116279069767441,0,1,yes
4638,49,43,78,1,0.0128205128205128,1,0,yes
4644,48,48,78,1,0.0128205128205128,1,0,yes
4668,48,30,33,2,0.0606060606060606,2,0,yes
4675,48,37,39,1,0.0256410256410256,0,1,yes
4690,48,26,75,1,0.0133333333333333,0,1,yes
4703,48,33,34,1,0.0294117647058823,0,1,yes
4716,48,29,46,1,0.0217391304347826,1,0,yes
4732,48,48,50,1,0.02,0,1,yes
4773,47,32,78,1,0.0128205128205128,0,1,yes
4774,47,28,75,1,0.0133333333333333,1,0,yes
4785,47,47,71,1,0.0140845070422535,1,0,yes
4804,47,47,18,1,0.0555555555555555,1,0,yes
4858,46,46,57,3,0.0526315789473684,3,0,yes
4868,46,46,44,2,0.0454545454545454,1,1,yes
4930,45,45,22,1,0.0454545454545454,1,0,yes
4946,45,36,48,2,0.0416666666666666,2,0,yes
4965,45,31,18,1,0.0555555555555555,1,0,yes
4981,45,45,23,1,0.0434782608695652,1,0,yes
4993,44,32,88,1,0.0113636363636363,0,1,yes
4995,44,27,60,2,0.0333333333333333,2,0,yes
5015,44,30,87,1,0.0114942528735632,1,0,yes
5045,44,28,35,2,0.0571428571428571,2,1,yes
5047,44,34,39,1,0.0256410256410256,1,0,yes
5072,44,44,34,1,0.0294117647058823,1,0,yes
5132,43,35,56,1,0.0178571428571428,1,0,yes
5141,43,42,57,2,0.0350877192982456,0,2,yes
5159,43,43,60,1,0.0166666666666666,1,0,yes
5165,43,24,58,4,0.0689655172413793,1,3,yes
5181,43,43,100,2,0.02,1,1,yes
5190,43,40,27,2,0.074074074074074,2,0,yes
5218,42,27,27,1,0.037037037037037,1,0,yes
5234,42,37,48,1,0.0208333333333333,0,1,yes
5238,42,31,48,1,0.0208333333333333,1,0,yes
5322,41,14,100,1,0.01,1,0,yes
5328,41,37,75,1,0.0133333333333333,1,0,yes
5333,41,36,85,1,0.0117647058823529,1,0,yes
5350,41,19,50,1,0.02,1,0,yes
5362,41,28,75,1,0.0133333333333333,1,0,yes
5364,41,37,64,1,0.015625,1,0,yes
5387,40,40,32,2,0.0625,1,1,yes
5405,40,39,21,1,0.0476190476190476,1,0,yes
5413,40,38,20,2,0.1,2,0,yes
5416,40,36,38,1,0.0263157894736842,1,0,yes
5455,40,21,37,4,0.1081081081081081,3,1,yes
5469,40,34,106,2,0.0188679245283018,1,1,yes
5504,39,30,78,2,0.0256410256410256,1,1,yes
5547,39,31,38,1,0.0263157894736842,0,1,yes
5576,39,34,48,1,0.0208333333333333,1,0,yes
5596,39,22,23,4,0.1739130434782608,4,0,yes
5601,39,39,44,1,0.0227272727272727,1,0,yes
5613,39,20,24,1,0.0416666666666666,1,0,yes
5624,38,34,58,2,0.0344827586206896,2,0,yes
5639,38,21,74,1,0.0135135135135135,1,0,yes
5680,38,24,37,1,0.027027027027027,1,0,yes
5687,38,32,76,2,0.0263157894736842,1,1,yes
5699,38,24,89,3,0.0337078651685393,2,1,yes
5702,38,27,109,1,0.0091743119266055,1,0,yes
5703,38,38,70,4,0.0571428571428571,4,0,yes
5710,38,26,75,1,0.0133333333333333,1,0,yes
5718,38,33,36,4,0.1111111111111111,4,0,yes
5730,38,37,30,1,0.0333333333333333,1,0,yes
5753,37,18,80,4,0.05,3,1,yes
5821,37,21,48,4,0.0833333333333333,0,4,yes
5833,37,20,112,2,0.0178571428571428,1,1,yes
5853,37,37,13,1,0.0769230769230769,1,0,yes
5913,36,26,46,1,0.0217391304347826,1,0,yes
5939,36,36,84,1,0.0119047619047619,1,0,yes
5947,36,31,39,1,0.0256410256410256,1,0,yes
5959,36,23,88,2,0.0227272727272727,2,0,yes
5962,36,28,77,1,0.0129870129870129,1,0,yes
5978,36,24,39,1,0.0256410256410256,1,0,yes
5985,36,27,51,1,0.0196078431372549,1,0,yes
5987,36,27,75,2,0.0266666666666666,2,0,yes
5990,36,36,52,1,0.0192307692307692,0,1,yes
5993,36,18,39,1,0.0256410256410256,1,0,yes
5995,36,24,48,3,0.0625,3,0,yes
5999,35,22,75,1,0.0133333333333333,0,1,yes
6026,35,35,50,1,0.02,1,0,yes
6038,35,35,46,1,0.0217391304347826,1,0,yes
6067,35,34,56,3,0.0535714285714285,1,2,yes
6094,35,28,74,1,0.0135135135135135,0,1,yes
6100,35,33,83,2,0.0240963855421686,1,1,yes
6120,35,23,83,1,0.0120481927710843,1,0,yes
6122,35,33,27,2,0.074074074074074,2,0,yes
6179,34,26,51,2,0.0392156862745098,2,0,yes
6208,34,22,43,1,0.0232558139534883,1,0,yes
6215,34,20,49,1,0.0204081632653061,1,0,yes
6226,34,28,48,2,0.0416666666666666,2,0,yes
6249,34,22,72,4,0.0555555555555555,4,0,yes
6273,33,14,98,1,0.010204081632653,1,0,yes
6325,33,21,81,2,0.0246913580246913,2,0,yes
6395,33,33,69,3,0.0434782608695652,2,1,yes
6453,32,21,61,1,0.0163934426229508,1,0,yes
6462,32,26,87,1,0.0114942528735632,1,0,yes
6492,32,27,67,4,0.0597014925373134,4,0,yes
6494,32,18,102,3,0.0294117647058823,1,2,yes
6525,32,21,26,2,0.0769230769230769,2,0,yes
6537,32,24,95,2,0.0210526315789473,2,0,yes
6553,32,32,72,1,0.0138888888888888,0,1,yes
6583,31,24,27,2,0.074074074074074,2,0,yes
6637,31,26,30,1,0.0333333333333333,0,1,yes
6649,31,16,61,1,0.0163934426229508,1,0,yes
6676,31,13,41,1,0.024390243902439,0,1,yes
6707,31,19,20,1,0.05,0,1,yes
6720,31,31,52,1,0.0192307692307692,1,0,yes
6732,31,21,52,2,0.0384615384615384,2,0,yes
6756,30,17,98,3,0.0306122448979591,2,1,yes
6774,30,15,102,1,0.0098039215686274,0,1,yes
6810,30,21,103,1,0.0097087378640776,1,0,yes
6825,30,29,46,1,0.0217391304347826,1,0,yes
6828,30,27,43,1,0.0232558139534883,1,0,yes
6853,30,24,49,2,0.0408163265306122,2,0,yes
6861,30,30,94,1,0.0106382978723404,1,0,yes
6884,30,25,68,2,0.0294117647058823,1,1,yes
6921,30,23,70,1,0.0142857142857142,1,0,yes
6958,29,29,27,2,0.074074074074074,2,0,yes
6963,29,28,42,5,0.119047619047619,5,0,yes
6965,29,29,50,3,0.06,1,2,yes
7004,29,17,103,1,0.0097087378640776,1,0,yes
7021,29,26,43,1,0.0232558139534883,1,0,yes
7026,29,18,51,1,0.0196078431372549,1,0,yes
7027,29,25,80,2,0.025,2,0,yes
7048,29,22,85,1,0.0117647058823529,0,1,yes
7084,29,21,47,1,0.0212765957446808,1,0,yes
7085,29,16,93,2,0.021505376344086,1,1,yes
7095,29,9,77,1,0.0129870129870129,1,0,yes
7099,29,29,58,1,0.0172413793103448,1,0,yes
7103,29,23,75,1,0.0133333333333333,1,0,yes
7135,29,23,101,1,0.0099009900990099,1,0,yes
7164,28,22,83,3,0.036144578313253,3,0,yes
7172,28,17,78,3,0.0384615384615384,2,1,yes
7179,28,21,91,3,0.0329670329670329,3,0,yes
7236,28,17,100,4,0.04,0,4,yes
7243,28,15,107,2,0.0186915887850467,1,1,yes
7251,28,23,50,1,0.02,1,0,yes
7261,28,22,100,1,0.01,1,0,yes
7269,28,22,96,1,0.0104166666666666,1,0,yes
7278,28,26,91,4,0.0439560439560439,3,1,yes
7283,28,18,64,1,0.015625,1,0,yes
7304,28,20,27,1,0.037037037037037,1,0,yes
7339,28,14,92,2,0.0217391304347826,1,1,yes
7370,27,22,37,2,0.054054054054054,1,1,yes
7383,27,27,54,2,0.037037037037037,1,1,yes
7402,27,24,37,2,0.054054054054054,0,2,yes
7405,27,27,71,1,0.0140845070422535,1,0,yes
7408,27,23,51,1,0.0196078431372549,1,0,yes
7417,27,26,72,1,0.0138888888888888,1,0,yes
7423,27,23,83,1,0.0120481927710843,1,0,yes
7449,27,17,107,1,0.0093457943925233,1,0,yes
7475,27,19,58,3,0.0517241379310344,3,0,yes
7479,27,27,18,2,0.1111111111111111,2,0,yes
7484,27,23,44,2,0.0454545454545454,1,1,yes
7489,27,16,88,1,0.0113636363636363,1,0,yes
7505,27,21,86,2,0.0232558139534883,0,2,yes
7507,27,27,64,4,0.0625,4,0,yes
7520,27,15,53,2,0.0377358490566037,1,1,yes
7526,27,20,44,4,0.0909090909090909,4,0,yes
7529,26,24,68,3,0.0441176470588235,3,0,yes
7547,26,22,20,1,0.05,1,0,yes
7548,26,26,21,1,0.0476190476190476,1,0,yes
7575,26,20,77,3,0.0389610389610389,3,0,yes
7588,26,12,82,3,0.0365853658536585,3,0,yes
7590,26,16,65,1,0.0153846153846153,1,0,yes
7603,26,19,64,1,0.015625,1,0,yes
7605,26,19,79,1,0.0126582278481012,1,0,yes
7628,26,26,47,1,0.0212765957446808,0,1,yes
7641,26,26,27,1,0.037037037037037,0,1,yes
7649,26,21,42,3,0.0714285714285714,3,0,yes
7685,26,12,42,1,0.0238095238095238,1,0,yes
7698,26,17,57,4,0.0701754385964912,4,0,yes
7727,26,18,86,4,0.0465116279069767,4,0,yes
7728,26,23,37,4,0.1081081081081081,4,0,yes
7743,26,24,87,1,0.0114942528735632,0,1,yes
7778,25,13,38,3,0.0789473684210526,3,0,yes
7790,25,17,86,1,0.0116279069767441,1,0,yes
7793,25,17,50,1,0.02,1,0,yes
7803,25,23,57,1,0.0175438596491228,1,0,yes
7815,25,21,85,1,0.0117647058823529,1,0,yes
7837,25,13,81,2,0.0246913580246913,1,1,yes
7841,25,25,42,1,0.0238095238095238,1,0,yes
7851,25,19,61,1,0.0163934426229508,0,1,yes
7868,25,17,64,1,0.015625,1,0,yes
7893,25,17,100,1,0.01,1,0,yes
7902,25,25,40,1,0.025,1,0,yes
7904,25,9,70,1,0.0142857142857142,1,0,yes
7908,25,19,96,2,0.0208333333333333,2,0,yes
7926,25,25,49,3,0.0612244897959183,2,1,yes
7939,25,21,18,1,0.0555555555555555,1,0,yes
7943,25,16,61,2,0.0327868852459016,0,2,yes
7945,25,20,36,1,0.0277777777777777,1,0,yes
7958,25,22,39,1,0.0256410256410256,0,1,yes
7977,25,19,40,1,0.025,1,0,yes
7983,25,16,51,2,0.0392156862745098,2,0,yes
7986,25,23,45,3,0.0666666666666666,0,3,yes
7989,25,9,88,3,0.034090909090909,2,1,yes
7994,24,11,55,2,0.0363636363636363,2,0,yes
8005,24,21,32,1,0.03125,1,0,yes
8009,24,12,99,1,0.0101010101010101,1,0,yes
8030,24,24,42,1,0.0238095238095238,0,1,yes
8085,24,24,97,1,0.0103092783505154,0,1,yes
8092,24,14,31,2,0.064516129032258,2,0,yes
8097,24,19,27,2,0.074074074074074,0,2,yes
8102,24,24,14,1,0.0714285714285714,1,0,yes
8110,24,23,90,2,0.0222222222222222,1,1,yes
8149,24,17,41,1,0.024390243902439,0,1,yes
8164,24,17,30,1,0.0333333333333333,1,0,yes
8172,24,21,97,1,0.0103092783505154,0,1,yes
8180,24,17,61,1,0.0163934426229508,1,0,yes
8181,24,21,19,3,0.1578947368421052,3,0,yes
8187,24,19,49,3,0.0612244897959183,3,0,yes
8192,24,18,37,1,0.027027027027027,1,0,yes
8209,24,24,93,1,0.010752688172043,1,0,yes
8218,24,22,53,3,0.0566037735849056,3,0,yes
8240,23,21,99,2,0.0202020202020202,2,0,yes
8252,23,17,42,1,0.0238095238095238,1,0,yes
8258,23,13,26,4,0.1538461538461538,4,0,yes
8274,23,19,68,4,0.0588235294117647,3,1,yes
8317,23,17,74,1,0.0135135135135135,1,0,yes
8338,23,16,60,3,0.05,3,0,yes
8396,23,15,85,5,0.0588235294117647,2,3,yes
8404,23,19,36,1,0.0277777777777777,1,0,yes
8425,23,23,31,1,0.032258064516129,0,1,yes
8485,23,23,28,1,0.0357142857142857,0,1,yes
8534,22,15,85,1,0.0117647058823529,1,0,yes
8539,22,13,63,1,0.0158730158730158,1,0,yes
8551,22,15,31,1,0.032258064516129,1,0,yes
8579,22,14,90,1,0.0111111111111111,1,0,yes
8632,22,17,92,1,0.0108695652173913,1,0,yes
8639,22,11,75,3,0.04,3,0,yes
8654,22,12,86,1,0.0116279069767441,1,0,yes
8663,22,20,66,2,0.0303030303030303,1,1,yes
8707,22,16,92,4,0.0434782608695652,3,1,yes
8714,22,19,108,1,0.0092592592592592,1,0,yes
8737,22,15,15,2,0.1333333333333333,2,0,yes
8757,22,16,89,1,0.0112359550561797,1,0,yes
8760,22,22,79,1,0.0126582278481012,1,0,yes
8781,22,13,86,1,0.0116279069767441,1,0,yes
8842,21,20,87,2,0.0229885057471264,1,1,yes
8876,21,11,53,2,0.0377358490566037,1,1,yes
8924,21,21,22,1,0.0454545454545454,1,0,yes
8926,21,20,116,3,0.0258620689655172,3,0,yes
8961,21,20,47,2,0.0425531914893617,2,0,yes
9006,21,18,25,2,0.08,1,1,yes
9012,21,14,90,3,0.0333333333333333,2,1,yes
9039,21,21,67,1,0.0149253731343283,1,0,yes
9045,21,15,94,2,0.0212765957446808,2,0,yes
9046,21,15,82,1,0.0121951219512195,1,0,yes
9062,21,21,14,1,0.0714285714285714,1,0,yes
9070,20,10,48,1,0.0208333333333333,1,0,yes
9079,20,13,111,1,0.009009009009009,1,0,yes
9093,20,15,68,1,0.0147058823529411,1,0,yes
9155,20,13,89,1,0.0112359550561797,1,0,yes
9189,20,19,87,1,0.0114942528735632,1,0,yes
9211,20,16,76,2,0.0263157894736842,2,0,yes
9214,20,14,42,1,0.0238095238095238,0,1,yes
9225,20,17,27,1,0.037037037037037,0,1,yes
9254,20,8,37,5,0.1351351351351351,5,0,yes
9277,20,12,92,2,0.0217391304347826,1,1,yes
9299,20,15,51,1,0.0196078431372549,1,0,yes
9460,19,12,119,3,0.0252100840336134,2,1,yes
9481,19,12,49,4,0.0816326530612244,1,3,yes
9503,19,18,93,1,0.010752688172043,1,0,yes
9539,19,15,32,2,0.0625,2,0,yes
9585,19,12,77,1,0.0129870129870129,0,1,yes
9587,19,13,83,1,0.0120481927710843,1,0,yes
9605,19,19,66,2,0.0303030303030303,2,0,yes
9642,19,15,107,1,0.0093457943925233,1,0,yes
9644,19,15,107,1,0.0093457943925233,1,0,yes
9691,19,13,66,4,0.0606060606060606,0,4,yes
9714,19,14,16,1,0.0625,0,1,yes
9715,19,9,61,1,0.0163934426229508,1,0,yes
9733,19,15,92,1,0.0108695652173913,1,0,yes
9743,19,15,96,1,0.0104166666666666,0,1,yes
9753,19,10,83,1,0.0120481927710843,1,0,yes
9789,18,18,53,2,0.0377358490566037,0,2,yes
9815,18,12,73,1,0.0136986301369863,1,0,yes
9862,18,9,69,4,0.0579710144927536,4,0,yes
9890,18,13,48,1,0.0208333333333333,1,0,yes
9941,18,16,42,2,0.0476190476190476,0,2,yes
9962,18,16,88,1,0.0113636363636363,0,1,yes
9980,18,15,96,5,0.0520833333333333,5,0,yes
9982,18,14,91,3,0.0329670329670329,1,2,yes
9983,18,11,48,4,0.0833333333333333,3,1,yes
9984,18,12,112,1,0.0089285714285714,1,0,yes
10001,18,16,90,1,0.0111111111111111,1,0,yes
10045,18,8,96,1,0.0104166666666666,1,0,yes
10049,18,10,109,1,0.0091743119266055,1,0,yes
10056,18,8,41,3,0.073170731707317,3,0,yes
10095,18,7,80,5,0.0625,2,3,yes
10104,18,18,18,3,0.1666666666666666,1,2,yes
10126,18,12,38,1,0.0263157894736842,0,1,yes
10131,18,18,77,2,0.0259740259740259,1,1,yes
10169,17,8,37,1,0.027027027027027,1,0,yes
10171,17,16,72,2,0.0277777777777777,2,0,yes
10172,17,14,111,2,0.018018018018018,2,0,yes
10192,17,9,81,3,0.037037037037037,1,2,yes
10202,17,12,102,1,0.0098039215686274,1,0,yes
10218,17,11,98,3,0.0306122448979591,2,1,yes
10228,17,11,79,2,0.0253164556962025,1,1,yes
10300,17,11,94,1,0.0106382978723404,1,0,yes
10341,17,10,113,1,0.0088495575221238,1,0,yes
10363,17,9,102,1,0.0098039215686274,0,1,yes
10392,17,9,117,1,0.0085470085470085,0,1,yes
10407,17,11,79,1,0.0126582278481012,1,0,yes
10408,17,16,75,2,0.0266666666666666,1,1,yes
10410,17,9,40,1,0.025,0,1,yes
10438,17,8,97,1,0.0103092783505154,0,1,yes
10450,17,17,60,2,0.0333333333333333,1,1,yes
10458,17,14,115,1,0.008695652173913,1,0,yes
10487,17,12,80,2,0.025,1,1,yes
10496,17,17,66,1,0.0151515151515151,1,0,yes
10517,17,8,109,1,0.0091743119266055,0,1,yes
10540,17,17,47,1,0.0212765957446808,1,0,yes
10545,17,17,74,4,0.054054054054054,2,2,yes
10552,17,17,63,1,0.0158730158730158,1,0,yes
10560,17,14,72,1,0.0138888888888888,1,0,yes
10578,16,12,109,2,0.018348623853211,1,1,yes
10619,16,10,65,1,0.0153846153846153,1,0,yes
10631,16,10,90,1,0.0111111111111111,1,0,yes
10655,16,12,112,1,0.0089285714285714,0,1,yes
10659,16,16,21,3,0.1428571428571428,1,2,yes
10668,16,14,102,1,0.0098039215686274,1,0,yes
10675,16,13,71,1,0.0140845070422535,0,1,yes
10711,16,16,67,4,0.0597014925373134,2,2,yes
10718,16,11,49,3,0.0612244897959183,3,0,yes
10732,16,13,52,1,0.0192307692307692,1,0,yes
10737,16,15,26,2,0.0769230769230769,2,0,yes
10749,16,10,110,1,0.009090909090909,1,0,yes
10757,16,10,104,1,0.0096153846153846,1,0,yes
10768,16,15,109,1,0.0091743119266055,1,0,yes
10816,16,10,111,3,0.027027027027027,2,1,yes
10842,16,10,110,3,0.0272727272727272,1,2,yes
10864,16,8,117,1,0.0085470085470085,0,1,yes
10886,16,16,89,1,0.0112359550561797,1,0,yes
10903,16,10,40,1,0.025,1,0,yes
10906,16,16,28,1,0.0357142857142857,1,0,yes
10920,16,7,41,3,0.073170731707317,3,0,yes
10938,16,15,21,4,0.1904761904761904,1,3,yes
10961,16,14,101,5,0.0495049504950495,5,0,yes
10968,16,9,83,1,0.0120481927710843,0,1,yes
10986,16,16,107,2,0.0186915887850467,1,1,yes
10996,16,12,73,5,0.0684931506849315,5,0,yes
11005,16,16,22,2,0.0909090909090909,0,2,yes
11027,15,9,22,3,0.1363636363636363,3,0,yes
11031,15,9,53,4,0.0754716981132075,3,1,yes
11051,15,9,68,2,0.0294117647058823,0,2,yes
11075,15,15,108,1,0.0092592592592592,1,0,yes
11079,15,9,54,1,0.0185185185185185,0,1,yes
11119,15,11,83,1,0.0120481927710843,1,0,yes
11146,15,14,87,4,0.0459770114942528,4,0,yes
11150,15,11,112,1,0.0089285714285714,0,1,yes
11154,15,15,47,2,0.0425531914893617,1,1,yes
11171,15,15,67,5,0.0746268656716417,5,0,yes
11181,15,12,59,1,0.0169491525423728,1,0,yes
11206,15,14,96,2,0.0208333333333333,0,2,yes
11214,15,12,88,2,0.0227272727272727,2,0,yes
11230,15,15,55,1,0.0181818181818181,1,0,yes
11247,15,11,102,1,0.0098039215686274,1,0,yes
11261,15,11,100,3,0.03,1,2,yes
11286,15,12,110,4,0.0363636363636363,1,3,yes
11300,15,8,109,1,0.0091743119266055,1,0,yes
11308,15,14,56,2,0.0357142857142857,1,1,yes
11326,15,12,95,3,0.031578947368421,1,2,yes
11342,15,10,45,1,0.0222222222222222,0,1,yes
11350,15,14,90,2,0.0222222222222222,2,0,yes
11362,15,11,54,1,0.0185185185185185,1,0,yes
11370,15,15,46,4,0.0869565217391304,1,3,yes
11386,15,9,82,1,0.0121951219512195,1,0,yes
11444,15,15,53,5,0.0943396226415094,3,2,yes
11462,15,14,84,1,0.0119047619047619,1,0,yes
11470,15,12,101,1,0.0099009900990099,1,0,yes
11475,15,15,47,1,0.0212765957446808,1,0,yes
11477,15,11,71,4,0.056338028169014,4,0,yes
11479,15,15,85,2,0.0235294117647058,1,1,yes
11483,15,15,69,1,0.0144927536231884,1,0,yes
11502,15,14,70,3,0.0428571428571428,3,0,yes
11582,14,13,78,4,0.0512820512820512,2,2,yes
11635,14,13,105,1,0.0095238095238095,1,0,yes
11647,14,14,110,1,0.009090909090909,0,1,yes
11660,14,14,95,1,0.0105263157894736,1,0,yes
11683,14,13,21,2,0.0952380952380952,0,2,yes
11686,14,9,63,1,0.0158730158730158,0,1,yes
11687,14,14,60,3,0.05,3,0,yes
11703,14,9,75,1,0.0133333333333333,1,0,yes
11714,14,9,101,2,0.0198019801980198,2,0,yes
11720,14,12,87,1,0.0114942528735632,1,0,yes
11741,14,13,95,1,0.0105263157894736,1,0,yes
11748,14,14,108,3,0.0277777777777777,3,0,yes
11759,14,10,111,3,0.027027027027027,3,0,yes
11782,14,13,91,1,0.0109890109890109,1,0,yes
11797,14,9,77,2,0.0259740259740259,2,0,yes
11839,14,8,39,2,0.0512820512820512,2,0,yes
11844,14,13,52,1,0.0192307692307692,1,0,yes
11860,14,14,86,2,0.0232558139534883,2,0,yes
11888,14,7,119,1,0.0084033613445378,0,1,yes
11900,14,14,47,1,0.0212765957446808,0,1,yes
11909,14,9,99,1,0.0101010101010101,1,0,yes
11915,14,8,57,1,0.0175438596491228,1,0,yes
11971,14,14,104,1,0.0096153846153846,1,0,yes
11975,14,8,42,5,0.119047619047619,4,1,yes
11980,14,14,86,2,0.0232558139534883,2,0,yes
11990,14,13,110,1,0.009090909090909,1,0,yes
11994,14,7,31,1,0.032258064516129,0,1,yes
12057,13,10,61,3,0.0491803278688524,3,0,yes
12067,13,10,104,2,0.0192307692307692,2,0,yes
12161,13,8,36,3,0.0833333333333333,3,0,yes
12190,13,9,77,2,0.0259740259740259,0,2,yes
12199,13,8,86,3,0.0348837209302325,3,0,yes
12204,13,7,111,2,0.018018018018018,1,1,yes
12277,13,12,100,1,0.01,0,1,yes
12316,13,9,92,1,0.0108695652173913,1,0,yes
12358,13,13,81,1,0.0123456790123456,1,0,yes
12419,13,7,113,4,0.0353982300884955,3,1,yes
12439,13,8,87,1,0.0114942528735632,1,0,yes
12446,13,11,99,2,0.0202020202020202,2,0,yes
12474,13,7,76,2,0.0263157894736842,1,1,yes
12477,13,10,69,2,0.0289855072463768,2,0,yes
12478,13,13,73,1,0.0136986301369863,1,0,yes
12485,13,7,80,1,0.0125,0,1,yes
12494,13,7,87,5,0.057471264367816,5,0,yes
12505,13,11,58,1,0.0172413793103448,1,0,yes
12532,13,12,57,4,0.0701754385964912,4,0,yes
12538,13,9,89,3,0.0337078651685393,1,2,yes
12563,13,13,114,1,0.0087719298245614,1,0,yes
12569,13,8,53,1,0.0188679245283018,1,0,yes
12626,13,7,55,1,0.0181818181818181,1,0,yes
12659,13,13,107,4,0.0373831775700934,4,0,yes
12663,13,10,24,1,0.0416666666666666,0,1,yes
12668,13,13,115,1,0.008695652173913,1,0,yes
12673,13,11,76,1,0.0131578947368421,1,0,yes
12675,13,13,116,1,0.0086206896551724,1,0,yes
12689,12,8,88,2,0.0227272727272727,2,0,yes
12713,12,8,97,4,0.0412371134020618,3,1,yes
12723,12,11,100,1,0.01,1,0,yes
12724,12,9,99,1,0.0101010101010101,1,0,yes
12744,12,7,103,1,0.0097087378640776,1,0,yes
12761,12,11,80,4,0.05,1,3,yes
12795,12,11,90,1,0.0111111111111111,0,1,yes
12813,12,9,105,1,0.0095238095238095,0,1,yes
12819,12,8,73,1,0.0136986301369863,1,0,yes
12844,12,10,82,2,0.024390243902439,2,0,yes
12862,12,10,93,4,0.043010752688172,3,1,yes
12886,12,7,113,1,0.0088495575221238,1,0,yes
12902,12,9,55,2,0.0363636363636363,2,0,yes
12908,12,12,98,1,0.010204081632653,0,1,yes
12911,12,12,104,5,0.048076923076923,5,0,yes
12913,12,8,114,1,0.0087719298245614,0,1,yes
12914,12,8,80,1,0.0125,1,0,yes
12934,12,11,78,1,0.0128205128205128,1,0,yes
12942,12,11,54,3,0.0555555555555555,3,0,yes
12988,12,12,21,1,0.0476190476190476,0,1,yes
13007,12,10,52,2,0.0384615384615384,2,0,yes
13011,12,8,115,2,0.017391304347826,2,0,yes
13020,12,12,101,1,0.0099009900990099,1,0,yes
13041,12,8,46,2,0.0434782608695652,1,1,yes
13054,12,12,74,1,0.0135135135135135,1,0,yes
13055,12,12,69,3,0.0434782608695652,1,2,yes
13068,12,12,111,2,0.018018018018018,2,0,yes
13074,12,10,55,2,0.0363636363636363,1,1,yes
13082,12,8,98,5,0.0510204081632653,3,2,yes
13099,12,8,63,3,0.0476190476190476,3,0,yes
13103,12,7,103,1,0.0097087378640776,1,0,yes
13116,12,8,119,1,0.0084033613445378,0,1,yes
13134,12,8,100,1,0.01,1,0,yes
13150,12,10,89,1,0.0112359550561797,1,0,yes
13155,12,10,91,1,0.0109890109890109,1,0,yes
13169,12,11,122,3,0.0245901639344262,1,2,yes
13180,12,12,114,2,0.0175438596491228,1,1,yes
13214,12,12,70,1,0.0142857142857142,1,0,yes
13233,12,8,94,1,0.0106382978723404,1,0,yes
13252,12,10,21,1,0.0476190476190476,0,1,yes
13269,12,8,110,2,0.0181818181818181,1,1,yes
13298,12,6,116,1,0.0086206896551724,1,0,yes
13300,12,10,110,2,0.0181818181818181,1,1,yes
13305,12,9,105,2,0.019047619047619,2,0,yes
13311,12,11,81,1,0.0123456790123456,1,0,yes
13316,12,11,84,1,0.0119047619047619,1,0,yes
13325,12,7,105,5,0.0476190476190476,2,3,yes
13369,11,10,67,5,0.0746268656716417,1,4,yes
13390,11,9,92,1,0.0108695652173913,0,1,yes
13394,11,7,108,1,0.0092592592592592,0,1,yes
13408,11,11,101,1,0.0099009900990099,0,1,yes
13443,11,8,84,1,0.0119047619047619,1,0,yes
13447,11,11,56,1,0.0178571428571428,1,0,yes
13455,11,11,119,1,0.0084033613445378,1,0,yes
13460,11,9,65,1,0.0153846153846153,1,0,yes
13477,11,9,40,1,0.025,0,1,yes
13483,11,7,70,3,0.0428571428571428,0,3,yes
13491,11,11,30,2,0.0666666666666666,2,0,yes
13551,11,8,93,4,0.043010752688172,1,3,yes
13578,11,11,119,2,0.0168067226890756,2,0,yes
13615,11,11,39,4,0.1025641025641025,4,0,yes
13649,11,10,94,1,0.0106382978723404,1,0,yes
13654,11,10,90,1,0.0111111111111111,1,0,yes
13683,11,11,93,2,0.021505376344086,2,0,yes
13707,11,10,20,3,0.15,2,1,yes
13715,11,9,35,1,0.0285714285714285,1,0,yes
13746,11,8,112,1,0.0089285714285714,1,0,yes
13774,11,11,47,5,0.1063829787234042,5,0,yes
13834,11,7,93,4,0.043010752688172,1,3,yes
13837,11,8,41,1,0.024390243902439,1,0,yes
13842,11,9,80,1,0.0125,1,0,yes
13857,11,11,94,2,0.0212765957446808,2,0,yes
13878,11,5,87,2,0.0229885057471264,2,0,yes
13912,11,11,75,2,0.0266666666666666,1,1,yes
13916,11,8,111,1,0.009009009009009,1,0,yes
13921,11,11,107,1,0.0093457943925233,1,0,yes
13922,11,11,84,2,0.0238095238095238,2,0,yes
13936,11,11,94,1,0.0106382978723404,1,0,yes
13944,11,6,50,2,0.04,1,1,yes
13965,11,11,74,5,0.0675675675675675,2,3,yes
13966,11,8,62,1,0.0161290322580645,1,0,yes
13974,11,7,109,1,0.0091743119266055,1,0,yes
13997,11,11,94,1,0.0106382978723404,1,0,yes
14010,11,11,104,1,0.0096153846153846,1,0,yes
14017,11,8,52,1,0.0192307692307692,1,0,yes
14068,11,5,125,2,0.016,2,0,yes
14074,11,9,106,1,0.0094339622641509,1,0,yes
14105,11,11,95,1,0.0105263157894736,1,0,yes
14107,11,8,108,1,0.0092592592592592,1,0,yes
14117,11,5,111,1,0.009009009009009,1,0,yes
14122,11,8,77,2,0.0259740259740259,1,1,yes
14130,11,8,108,2,0.0185185185185185,1,1,yes
14131,11,6,21,2,0.0952380952380952,2,0,yes
14170,10,7,111,1,0.009009009009009,1,0,yes
14185,10,7,103,1,0.0097087378640776,1,0,yes
14196,10,10,65,1,0.0153846153846153,1,0,yes
14216,10,6,80,1,0.0125,1,0,yes
14221,10,6,42,2,0.0476190476190476,1,1,yes
14226,10,9,59,2,0.0338983050847457,0,2,yes
14259,10,6,116,2,0.0172413793103448,1,1,yes
14293,10,8,102,2,0.0196078431372549,2,0,yes
14310,10,9,90,1,0.0111111111111111,1,0,yes
14314,10,5,107,2,0.0186915887850467,0,2,yes
14337,10,8,91,4,0.0439560439560439,2,2,yes
14354,10,9,91,2,0.0219780219780219,1,1,yes
14357,10,5,113,2,0.0176991150442477,1,1,yes
14359,10,10,58,1,0.0172413793103448,1,0,yes
14373,10,10,84,5,0.0595238095238095,1,4,yes
14382,10,10,58,2,0.0344827586206896,1,1,yes
14404,10,5,114,2,0.0175438596491228,1,1,yes
14419,10,6,95,3,0.031578947368421,3,0,yes
14431,10,8,97,2,0.0206185567010309,2,0,yes
14443,10,7,32,1,0.03125,0,1,yes
14467,10,7,88,4,0.0454545454545454,1,3,yes
14470,10,6,104,1,0.0096153846153846,0,1,yes
14548,10,7,91,1,0.0109890109890109,1,0,yes
14571,10,5,116,1,0.0086206896551724,1,0,yes
14575,10,6,98,3,0.0306122448979591,3,0,yes
14580,10,6,33,1,0.0303030303030303,0,1,yes
14585,10,9,99,1,0.0101010101010101,0,1,yes
14594,10,8,79,1,0.0126582278481012,0,1,yes
14663,10,7,99,4,0.0404040404040404,0,4,yes
14704,10,9,37,4,0.1081081081081081,4,0,yes
14738,10,10,88,3,0.034090909090909,1,2,yes
14749,10,5,123,1,0.008130081300813,1,0,yes
14754,10,8,113,3,0.0265486725663716,2,1,yes
14755,10,7,93,1,0.010752688172043,1,0,yes
14768,10,8,71,1,0.0140845070422535,1,0,yes
14769,10,7,110,1,0.009090909090909,1,0,yes
14782,10,9,40,1,0.025,1,0,yes
14818,10,10,63,1,0.0158730158730158,1,0,yes
14831,10,10,63,1,0.0158730158730158,1,0,yes
14833,10,10,53,2,0.0377358490566037,1,1,yes
14875,10,7,34,4,0.1176470588235294,4,0,yes
14886,10,8,80,5,0.0625,2,3,yes
14896,10,9,87,2,0.0229885057471264,1,1,yes
14902,10,9,40,1,0.025,0,1,yes
14906,10,7,111,1,0.009009009009009,1,0,yes
14932,10,8,107,1,0.0093457943925233,1,0,yes
14933,10,7,77,1,0.0129870129870129,1,0,yes
14936,10,7,43,1,0.0232558139534883,1,0,yes
14947,10,5,116,2,0.0172413793103448,1,1,yes
14954,10,10,109,2,0.018348623853211,0,2,yes
14957,10,10,45,1,0.0222222222222222,1,0,yes
14962,10,9,78,1,0.0128205128205128,1,0,yes
14982,10,5,99,1,0.0101010101010101,1,0,yes
15002,10,10,50,2,0.04,1,1,yes
15012,10,7,95,1,0.0105263157894736,0,1,yes
15018,10,10,92,1,0.0108695652173913,1,0,yes
15025,10,5,103,4,0.0388349514563106,3,1,yes
15027,10,7,99,3,0.0303030303030303,1,2,yes
15045,10,9,96,1,0.0104166666666666,0,1,yes
15055,10,7,47,2,0.0425531914893617,1,1,yes
15066,10,10,101,1,0.0099009900990099,1,0,yes
15090,9,6,101,1,0.0099009900990099,1,0,yes
15094,9,9,88,2,0.0227272727272727,2,0,yes
15104,9,5,46,1,0.0217391304347826,1,0,yes
15133,9,8,32,1,0.03125,1,0,yes
15136,9,9,97,1,0.0103092783505154,1,0,yes
15144,9,7,85,1,0.0117647058823529,0,1,yes
15147,9,6,96,2,0.0208333333333333,0,2,yes
15185,9,6,118,2,0.0169491525423728,0,2,yes
15204,9,9,50,2,0.04,1,1,yes
15208,9,9,120,2,0.0166666666666666,2,0,yes
15241,9,9,102,5,0.0490196078431372,4,1,yes
15270,9,4,60,5,0.0833333333333333,5,0,yes
15272,9,5,62,1,0.0161290322580645,1,0,yes
15290,9,7,57,5,0.087719298245614,1,4,yes
15309,9,7,112,1,0.0089285714285714,0,1,yes
15311,9,6,116,2,0.0172413793103448,2,0,yes
15324,9,8,92,3,0.0326086956521739,3,0,yes
15348,9,6,109,1,0.0091743119266055,1,0,yes
15356,9,6,70,4,0.0571428571428571,3,1,yes
15360,9,9,110,3,0.0272727272727272,2,1,yes
15361,9,6,63,2,0.0317460317460317,1,1,yes
15387,9,8,104,4,0.0384615384615384,3,1,yes
15388,9,9,58,1,0.0172413793103448,1,0,yes
15435,9,7,83,2,0.0240963855421686,0,2,yes
15466,9,8,114,3,0.0263157894736842,1,2,yes
15482,9,8,90,1,0.0111111111111111,1,0,yes
15487,9,6,100,1,0.01,1,0,yes
15540,9,6,42,2,0.0476190476190476,2,0,yes
15559,9,9,59,4,0.0677966101694915,4,0,yes
15581,9,9,28,1,0.0357142857142857,1,0,yes
15619,9,8,99,3,0.0303030303030303,3,0,yes
15631,9,9,90,4,0.0444444444444444,4,0,yes
15640,9,9,75,2,0.0266666666666666,2,0,yes
15644,9,9,40,2,0.05,2,0,yes
15664,9,9,106,1,0.0094339622641509,0,1,yes
15695,9,9,59,4,0.0677966101694915,3,1,yes
15702,9,7,27,1,0.037037037037037,1,0,yes
15735,9,6,62,1,0.0161290322580645,1,0,yes
15755,9,6,118,2,0.0169491525423728,1,1,yes
15764,9,8,59,1,0.0169491525423728,1,0,yes
15778,9,7,54,2,0.037037037037037,0,2,yes
15805,9,6,110,1,0.009090909090909,1,0,yes
15842,9,5,101,2,0.0198019801980198,1,1,yes
15852,9,7,114,1,0.0087719298245614,1,0,yes
15857,9,8,110,1,0.009090909090909,1,0,yes
15862,9,9,43,1,0.0232558139534883,0,1,yes
15865,9,6,92,2,0.0217391304347826,0,2,yes
15879,9,5,114,3,0.0263157894736842,2,1,yes
15880,9,6,116,2,0.0172413793103448,1,1,yes
15889,9,9,55,3,0.0545454545454545,3,0,yes
15899,9,9,112,1,0.0089285714285714,1,0,yes
15922,9,7,112,1,0.0089285714285714,1,0,yes
15929,9,7,70,1,0.0142857142857142,1,0,yes
15942,9,4,42,2,0.0476190476190476,2,0,yes
16021,9,6,104,2,0.0192307692307692,2,0,yes
16022,9,9,85,2,0.0235294117647058,2,0,yes
16034,9,5,115,1,0.008695652173913,1,0,yes
16052,9,6,104,2,0.0192307692307692,1,1,yes
16066,9,5,114,1,0.0087719298245614,1,0,yes
16131,8,7,49,1,0.0204081632653061,1,0,yes
16158,8,7,81,3,0.037037037037037,1,2,yes
16189,8,6,77,2,0.0259740259740259,2,0,yes
16191,8,6,13,2,0.1538461538461538,2,0,yes
16193,8,7,21,2,0.0952380952380952,2,0,yes
16210,8,6,93,1,0.010752688172043,1,0,yes
16227,8,8,48,5,0.1041666666666666,5,0,yes
16267,8,6,116,2,0.0172413793103448,1,1,yes
16284,8,6,39,2,0.0512820512820512,2,0,yes
16310,8,8,78,1,0.0128205128205128,1,0,yes
16382,8,8,88,5,0.0568181818181818,1,4,yes
16389,8,8,52,2,0.0384615384615384,1,1,yes
16407,8,6,85,1,0.0117647058823529,1,0,yes
16419,8,6,91,3,0.0329670329670329,2,1,yes
16431,8,8,111,1,0.009009009009009,1,0,yes
16433,8,4,129,1,0.0077519379844961,0,1,yes
16445,8,6,126,1,0.0079365079365079,1,0,yes
16453,8,7,106,4,0.0377358490566037,3,1,yes
16455,8,6,99,2,0.0202020202020202,2,0,yes
16457,8,8,100,1,0.01,0,1,yes
16467,8,8,110,5,0.0454545454545454,1,4,yes
16487,8,7,108,2,0.0185185185185185,1,1,yes
16537,8,7,112,1,0.0089285714285714,1,0,yes
16558,8,5,120,2,0.0166666666666666,0,2,yes
16607,8,4,105,1,0.0095238095238095,1,0,yes
16619,8,8,76,2,0.0263157894736842,2,0,yes
16633,8,7,95,1,0.0105263157894736,0,1,yes
16645,8,6,102,4,0.0392156862745098,4,0,yes
16653,8,5,121,5,0.0413223140495867,1,4,yes
16657,8,5,105,4,0.0380952380952381,4,0,yes
16674,8,5,113,4,0.0353982300884955,0,4,yes
16680,8,6,94,1,0.0106382978723404,1,0,yes
16694,8,7,114,1,0.0087719298245614,1,0,yes
16712,8,7,109,2,0.018348623853211,1,1,yes
16746,8,8,48,1,0.0208333333333333,0,1,yes
16750,8,8,75,3,0.04,2,1,yes
16758,8,5,110,1,0.009090909090909,0,1,yes
16775,8,5,91,3,0.0329670329670329,3,0,yes
16778,8,7,51,2,0.0392156862745098,2,0,yes
16795,8,3,33,1,0.0303030303030303,1,0,yes
16802,8,8,104,3,0.0288461538461538,1,2,yes
16815,8,6,60,5,0.0833333333333333,1,4,yes
16822,8,6,114,1,0.0087719298245614,1,0,yes
16824,8,8,74,1,0.0135135135135135,1,0,yes
16847,8,6,21,1,0.0476190476190476,0,1,yes
16850,8,8,93,1,0.010752688172043,1,0,yes
16858,8,8,45,3,0.0666666666666666,0,3,yes
16883,8,4,117,1,0.0085470085470085,0,1,yes
16895,8,5,123,1,0.008130081300813,1,0,yes
16897,8,8,91,1,0.0109890109890109,0,1,yes
16899,8,5,60,1,0.0166666666666666,1,0,yes
16965,8,8,33,1,0.0303030303030303,1,0,yes
16971,8,8,61,5,0.081967213114754,4,1,yes
16997,8,8,98,1,0.010204081632653,1,0,yes
17025,8,8,103,4,0.0388349514563106,4,0,yes
17054,8,8,113,3,0.0265486725663716,1,2,yes
17062,8,7,99,2,0.0202020202020202,1,1,yes
17088,8,8,117,1,0.0085470085470085,1,0,yes
17092,8,8,117,1,0.0085470085470085,1,0,yes
17104,8,8,51,2,0.0392156862745098,2,0,yes
17110,8,8,102,3,0.0294117647058823,3,0,yes
17131,8,8,45,1,0.0222222222222222,1,0,yes
17138,8,6,126,3,0.0238095238095238,3,0,yes
17142,8,6,120,1,0.0083333333333333,1,0,yes
17151,8,8,36,1,0.0277777777777777,0,1,yes
17185,8,7,108,4,0.037037037037037,1,3,yes
17202,8,7,59,1,0.0169491525423728,1,0,yes
17240,7,7,117,1,0.0085470085470085,1,0,yes
17260,7,6,90,2,0.0222222222222222,2,0,yes
17266,7,5,90,1,0.0111111111111111,1,0,yes
17275,7,5,47,1,0.0212765957446808,0,1,yes
17293,7,5,97,1,0.0103092783505154,0,1,yes
17300,7,7,82,1,0.0121951219512195,1,0,yes
17327,7,6,115,4,0.0347826086956521,3,1,yes
17331,7,5,78,3,0.0384615384615384,1,2,yes
17337,7,6,78,1,0.0128205128205128,1,0,yes
17424,7,4,105,3,0.0285714285714285,3,0,yes
17439,7,7,77,2,0.0259740259740259,2,0,yes
17472,7,7,62,1,0.0161290322580645,1,0,yes
17485,7,7,46,1,0.0217391304347826,1,0,yes
17535,7,6,74,2,0.027027027027027,2,0,yes
17559,7,6,91,1,0.0109890109890109,1,0,yes
17574,7,7,104,2,0.0192307692307692,2,0,yes
17578,7,6,28,2,0.0714285714285714,2,0,yes
17581,7,4,22,1,0.0454545454545454,1,0,yes
17586,7,6,95,5,0.0526315789473684,1,4,yes
17588,7,4,107,1,0.0093457943925233,1,0,yes
17593,7,4,118,1,0.0084745762711864,1,0,yes
17601,7,5,79,1,0.0126582278481012,1,0,yes
17672,7,6,94,1,0.0106382978723404,1,0,yes
17723,7,7,80,1,0.0125,1,0,yes
17729,7,5,51,1,0.0196078431372549,1,0,yes
17730,7,5,105,2,0.019047619047619,1,1,yes
17746,7,7,75,2,0.0266666666666666,1,1,yes
17755,7,7,76,1,0.0131578947368421,1,0,yes
17761,7,6,49,1,0.0204081632653061,0,1,yes
17775,7,7,110,1,0.009090909090909,1,0,yes
17779,7,7,115,1,0.008695652173913,1,0,yes
17782,7,5,115,5,0.0434782608695652,4,1,yes
17796,7,7,116,3,0.0258620689655172,2,1,yes
17804,7,7,102,2,0.0196078431372549,1,1,yes
17806,7,7,50,1,0.02,1,0,yes
17813,7,6,119,1,0.0084033613445378,1,0,yes
17827,7,7,44,1,0.0227272727272727,1,0,yes
17829,7,7,111,3,0.027027027027027,0,3,yes
17874,7,7,86,1,0.0116279069767441,1,0,yes
17887,7,4,85,1,0.0117647058823529,1,0,yes
17905,7,6,46,2,0.0434782608695652,0,2,yes
17906,7,6,71,1,0.0140845070422535,0,1,yes
17907,7,6,95,1,0.0105263157894736,0,1,yes
17930,7,7,112,4,0.0357142857142857,0,4,yes
17973,7,7,103,2,0.0194174757281553,2,0,yes
17979,7,7,21,1,0.0476190476190476,1,0,yes
17984,7,4,39,1,0.0256410256410256,1,0,yes
18004,7,4,120,2,0.0166666666666666,2,0,yes
18016,7,3,67,3,0.044776119402985,3,0,yes
18024,7,5,89,3,0.0337078651685393,3,0,yes
18029,7,6,117,1,0.0085470085470085,1,0,yes
18055,7,6,64,1,0.015625,1,0,yes
18084,7,5,121,2,0.0165289256198347,1,1,yes
18093,7,7,61,1,0.0163934426229508,0,1,yes
18102,7,7,82,1,0.0121951219512195,1,0,yes
18116,7,5,106,1,0.0094339622641509,1,0,yes
18138,7,4,99,1,0.0101010101010101,1,0,yes
18142,7,3,99,1,0.0101010101010101,1,0,yes
18144,7,7,29,1,0.0344827586206896,1,0,yes
18166,7,5,97,1,0.0103092783505154,1,0,yes
18198,7,5,102,2,0.0196078431372549,2,0,yes
18241,7,5,53,3,0.0566037735849056,3,0,yes
18282,7,4,120,3,0.025,2,1,yes
18287,7,6,57,1,0.0175438596491228,0,1,yes
18297,7,7,42,1,0.0238095238095238,1,0,yes
18305,7,4,116,1,0.0086206896551724,1,0,yes
18382,7,6,53,2,0.0377358490566037,1,1,yes
18384,7,7,99,1,0.0101010101010101,1,0,yes
18397,7,7,92,2,0.0217391304347826,0,2,yes
18407,7,3,107,2,0.0186915887850467,2,0,yes
18414,7,5,107,1,0.0093457943925233,1,0,yes
18437,7,7,50,4,0.08,1,3,yes
18478,7,4,99,1,0.0101010101010101,1,0,yes
18490,7,7,93,4,0.043010752688172,3,1,yes
18506,7,3,66,3,0.0454545454545454,3,0,yes
18508,7,5,23,1,0.0434782608695652,0,1,yes
18525,7,7,39,1,0.0256410256410256,0,1,yes
18566,7,6,104,4,0.0384615384615384,2,2,yes
18571,7,5,121,4,0.0330578512396694,2,2,yes
18574,7,6,108,1,0.0092592592592592,1,0,yes
18589,7,6,88,3,0.034090909090909,3,0,yes
18592,7,5,79,3,0.0379746835443038,3,0,yes
18603,6,3,43,1,0.0232558139534883,1,0,yes
18627,6,5,102,1,0.0098039215686274,1,0,yes
18660,6,5,55,3,0.0545454545454545,3,0,yes
18696,6,6,81,2,0.0246913580246913,1,1,yes
18697,6,5,110,5,0.0454545454545454,1,4,yes
18739,6,4,105,1,0.0095238095238095,1,0,yes
18766,6,6,97,3,0.0309278350515463,3,0,yes
18770,6,6,56,2,0.0357142857142857,1,1,yes
18771,6,6,72,2,0.0277777777777777,2,0,yes
18785,6,6,103,1,0.0097087378640776,1,0,yes
18816,6,3,110,1,0.009090909090909,1,0,yes
18839,6,5,80,3,0.0375,1,2,yes
18869,6,6,90,1,0.0111111111111111,1,0,yes
18884,6,5,117,1,0.0085470085470085,1,0,yes
18892,6,4,67,2,0.0298507462686567,2,0,yes
18897,6,6,76,3,0.0394736842105263,1,2,yes
18915,6,6,95,3,0.031578947368421,2,1,yes
18941,6,3,107,4,0.0373831775700934,1,3,yes
18964,6,6,123,3,0.024390243902439,0,3,yes
18965,6,6,114,1,0.0087719298245614,1,0,yes
18978,6,4,108,2,0.0185185185185185,2,0,yes
19038,6,6,92,2,0.0217391304347826,1,1,yes
19093,6,3,83,5,0.0602409638554216,5,0,yes
19101,6,6,19,2,0.1052631578947368,2,0,yes
19104,6,6,103,1,0.0097087378640776,0,1,yes
19117,6,5,94,1,0.0106382978723404,1,0,yes
19186,6,6,102,4,0.0392156862745098,0,4,yes
19194,6,6,13,2,0.1538461538461538,2,1,yes
19209,6,4,102,1,0.0098039215686274,1,0,yes
19216,6,3,110,1,0.009090909090909,1,0,yes
19223,6,6,114,2,0.0175438596491228,1,1,yes
19225,6,5,96,1,0.0104166666666666,1,0,yes
19244,6,6,49,4,0.0816326530612244,4,0,yes
19259,6,3,102,2,0.0196078431372549,2,0,yes
19262,6,3,64,2,0.03125,2,0,yes
19265,6,4,117,2,0.017094017094017,2,0,yes
19310,6,4,82,1,0.0121951219512195,1,0,yes
19339,6,5,114,1,0.0087719298245614,1,0,yes
19350,6,5,93,4,0.043010752688172,2,2,yes
19357,6,3,115,1,0.008695652173913,1,0,yes
19360,6,5,113,2,0.0176991150442477,2,0,yes
19388,6,6,95,1,0.0105263157894736,1,0,yes
19432,6,5,47,2,0.0425531914893617,2,0,yes
19453,6,6,63,2,0.0317460317460317,1,1,yes
19473,6,3,110,2,0.0181818181818181,1,1,yes
19489,6,6,102,1,0.0098039215686274,1,0,yes
19503,6,6,110,1,0.009090909090909,1,0,yes
19513,6,3,100,3,0.03,0,3,yes
19542,6,3,67,1,0.0149253731343283,1,0,yes
19550,6,4,100,3,0.03,3,0,yes
19572,6,3,51,1,0.0196078431372549,1,0,yes
19621,6,6,107,2,0.0186915887850467,1,1,yes
19677,6,5,89,2,0.0224719101123595,2,0,yes
19732,6,6,76,2,0.0263157894736842,2,0,yes
19751,6,6,110,1,0.009090909090909,1,0,yes
19762,6,3,51,1,0.0196078431372549,1,0,yes
19764,6,6,104,1,0.0096153846153846,1,0,yes
19772,6,5,118,2,0.0169491525423728,0,2,yes
19773,6,4,104,2,0.0192307692307692,2,0,yes
19784,6,5,120,2,0.0166666666666666,1,1,yes
19818,6,4,90,1,0.0111111111111111,1,0,yes
19822,6,6,111,1,0.009009009009009,0,1,yes
19834,6,3,124,4,0.032258064516129,1,3,yes
19844,6,6,107,1,0.0093457943925233,1,0,yes
19862,6,6,120,2,0.0166666666666666,2,0,yes
19871,6,6,70,1,0.0142857142857142,1,0,yes
19895,6,4,104,2,0.0192307692307692,2,0,yes
19925,6,6,62,1,0.0161290322580645,0,1,yes
19945,6,3,123,1,0.008130081300813,1,0,yes
19950,6,5,113,1,0.0088495575221238,1,0,yes
19962,6,6,63,2,0.0317460317460317,1,1,yes
19965,6,2,58,1,0.0172413793103448,1,0,yes
19999,6,4,72,2,0.0277777777777777,1,1,yes
20041,6,3,126,2,0.0158730158730158,1,1,yes
20055,6,6,115,2,0.017391304347826,2,0,yes
20075,6,2,84,2,0.0238095238095238,2,0,yes
20086,6,6,102,2,0.0196078431372549,1,1,yes
20100,6,6,115,4,0.0347826086956521,4,0,yes
20102,6,3,114,3,0.0263157894736842,1,2,yes
20106,6,5,104,1,0.0096153846153846,1,0,yes
20107,6,6,35,1,0.0285714285714285,0,1,yes
20128,6,3,109,3,0.0275229357798165,2,1,yes
20134,6,3,65,4,0.0615384615384615,4,0,yes
20135,6,4,120,1,0.0083333333333333,1,0,yes
20153,6,6,88,1,0.0113636363636363,1,0,yes
20154,6,6,110,2,0.0181818181818181,2,0,yes
20180,6,5,34,1,0.0294117647058823,1,0,yes
20204,6,6,62,5,0.0806451612903225,5,0,yes
20219,6,4,65,3,0.0461538461538461,3,0,yes
20222,6,6,112,1,0.0089285714285714,1,0,yes
20226,6,6,55,3,0.0545454545454545,1,2,yes
20228,6,5,42,1,0.0238095238095238,1,0,yes
20271,6,6,117,3,0.0256410256410256,3,0,yes
20323,5,5,119,2,0.0168067226890756,1,1,yes
20331,5,4,114,1,0.0087719298245614,1,0,yes
20337,5,5,115,1,0.008695652173913,1,0,yes
20354,5,5,54,2,0.037037037037037,1,1,yes
20362,5,3,81,2,0.0246913580246913,2,0,yes
20390,5,5,119,2,0.0168067226890756,2,0,yes
20427,5,5,113,1,0.0088495575221238,1,0,yes
20429,5,4,94,2,0.0212765957446808,2,0,yes
20478,5,5,119,5,0.042016806722689,5,0,yes
20490,5,3,80,4,0.05,4,0,yes
20500,5,5,22,1,0.0454545454545454,1,0,yes
20520,5,2,69,3,0.0434782608695652,3,0,yes
20535,5,5,13,2,0.1538461538461538,2,0,yes
20564,5,5,112,3,0.0267857142857142,2,1,yes
20586,5,3,114,1,0.0087719298245614,1,0,yes
20617,5,3,82,1,0.0121951219512195,0,1,yes
20679,5,4,115,1,0.008695652173913,1,0,yes
20680,5,4,68,2,0.0294117647058823,1,1,yes
20711,5,4,111,1,0.009009009009009,1,0,yes
20720,5,3,121,1,0.0082644628099173,1,0,yes
20880,5,5,99,1,0.0101010101010101,1,0,yes
20924,5,5,122,3,0.0245901639344262,2,1,yes
20938,5,5,61,1,0.0163934426229508,1,0,yes
20972,5,5,81,4,0.0493827160493827,4,0,yes
20975,5,5,78,1,0.0128205128205128,1,0,yes
21063,5,4,42,1,0.0238095238095238,0,1,yes
21079,5,5,121,1,0.0082644628099173,1,0,yes
21112,5,5,121,1,0.0082644628099173,1,0,yes
21118,5,4,112,3,0.0267857142857142,1,2,yes
21167,5,4,120,5,0.0416666666666666,5,0,yes
21171,5,3,123,1,0.008130081300813,0,1,yes
21203,5,4,124,1,0.0080645161290322,1,0,yes
21224,5,5,48,1,0.0208333333333333,1,0,yes
21254,5,5,117,1,0.0085470085470085,1,0,yes
21304,5,3,122,1,0.0081967213114754,0,1,yes
21310,5,5,14,1,0.0714285714285714,1,0,yes
21331,5,5,61,1,0.0163934426229508,1,0,yes
21333,5,3,46,1,0.0217391304347826,1,0,yes
21341,5,5,123,2,0.016260162601626,2,0,yes
21347,5,5,114,1,0.0087719298245614,0,1,yes
21348,5,5,121,5,0.0413223140495867,4,1,yes
21352,5,5,122,1,0.0081967213114754,1,0,yes
21379,5,4,121,3,0.024793388429752,2,1,yes
21414,5,5,81,5,0.0617283950617283,4,1,yes
21419,5,4,61,1,0.0163934426229508,1,0,yes
21434,5,5,121,1,0.0082644628099173,1,0,yes
21447,5,5,121,1,0.0082644628099173,0,1,yes
21448,5,4,83,1,0.0120481927710843,1,0,yes
21477,5,5,119,2,0.0168067226890756,2,0,yes
21502,5,4,115,4,0.0347826086956521,1,3,yes
21520,5,4,105,1,0.0095238095238095,1,0,yes
21529,5,3,121,1,0.0082644628099173,1,0,yes
21533,5,5,121,1,0.0082644628099173,1,0,yes
21534,5,3,60,4,0.0666666666666666,4,0,yes
21551,5,4,47,1,0.0212765957446808,1,0,yes
21580,5,4,19,1,0.0526315789473684,1,0,yes
21590,5,5,59,1,0.0169491525423728,1,0,yes
21617,5,4,120,5,0.0416666666666666,5,0,yes
21669,5,4,46,1,0.0217391304347826,1,0,yes
21684,5,5,117,3,0.0256410256410256,3,0,yes
21742,5,4,119,4,0.0336134453781512,4,0,yes
21751,5,3,108,1,0.0092592592592592,1,0,yes
21769,5,5,118,2,0.0169491525423728,2,0,yes
21782,5,5,104,1,0.0096153846153846,1,0,yes
21808,5,5,116,1,0.0086206896551724,1,0,yes
21819,5,5,119,2,0.0168067226890756,1,1,yes
21821,5,5,55,4,0.0727272727272727,3,1,yes
21826,5,3,122,4,0.0327868852459016,4,0,yes
21893,5,4,84,1,0.0119047619047619,1,0,yes
21901,5,3,121,1,0.0082644628099173,1,0,yes
21913,5,3,13,2,0.1538461538461538,2,0,yes
21916,5,5,116,1,0.0086206896551724,1,0,yes
21930,5,3,41,1,0.024390243902439,1,0,yes
21941,5,3,89,1,0.0112359550561797,1,0,yes
21951,5,5,119,1,0.0084033613445378,1,0,yes
21958,5,5,38,1,0.0263157894736842,0,1,yes
21964,5,5,40,2,0.05,2,0,yes
21993,5,5,116,1,0.0086206896551724,1,0,yes
21999,5,4,56,1,0.0178571428571428,1,0,yes
22050,5,4,103,1,0.0097087378640776,1,0,yes
22099,5,4,53,2,0.0377358490566037,2,0,yes
22112,5,5,74,1,0.0135135135135135,1,0,yes
22131,5,5,124,1,0.0080645161290322,0,1,yes
22147,5,3,87,3,0.0344827586206896,2,1,yes
22153,5,5,123,2,0.016260162601626,2,0,yes
22170,5,3,119,2,0.0168067226890756,2,0,yes
22175,5,5,104,2,0.0192307692307692,2,0,yes
22206,5,4,48,1,0.0208333333333333,1,0,yes
22228,5,5,112,1,0.0089285714285714,1,0,yes
22231,5,3,86,2,0.0232558139534883,1,1,yes
22267,5,5,22,1,0.0454545454545454,1,0,yes
22272,5,5,108,1,0.0092592592592592,1,0,yes
22340,4,3,102,1,0.0098039215686274,1,0,yes
22342,4,3,120,2,0.0166666666666666,0,2,yes
22373,4,4,118,2,0.0169491525423728,2,0,yes
22403,4,4,106,1,0.0094339622641509,1,0,yes
22414,4,4,119,1,0.0084033613445378,1,0,yes
22462,4,4,102,1,0.0098039215686274,1,0,yes
22470,4,2,125,1,0.008,1,0,yes
22495,4,3,116,1,0.0086206896551724,1,0,yes
22503,4,3,116,1,0.0086206896551724,1,0,yes
22508,4,3,102,1,0.0098039215686274,0,1,yes
22626,4,3,122,1,0.0081967213114754,1,0,yes
22632,4,2,68,1,0.0147058823529411,1,0,yes
22635,4,4,42,1,0.0238095238095238,1,0,yes
22719,4,3,83,1,0.0120481927710843,1,0,yes
22773,4,4,105,1,0.0095238095238095,1,0,yes
22780,4,4,114,1,0.0087719298245614,0,1,yes
22801,4,4,120,1,0.0083333333333333,0,1,yes
22914,4,3,104,1,0.0096153846153846,1,0,yes
22967,4,3,125,2,0.016,1,1,yes
22988,4,4,93,1,0.010752688172043,0,1,yes
22991,4,4,117,1,0.0085470085470085,1,0,yes
22992,4,4,111,1,0.009009009009009,1,0,yes
23013,4,3,114,1,0.0087719298245614,1,0,yes
23027,4,2,122,2,0.0163934426229508,2,0,yes
23030,4,4,23,1,0.0434782608695652,0,1,yes
23064,4,4,103,1,0.0097087378640776,1,0,yes
23096,4,3,103,1,0.0097087378640776,0,1,yes
23105,4,2,115,1,0.008695652173913,1,0,yes
23135,4,2,63,1,0.0158730158730158,1,0,yes
23215,4,4,120,2,0.0166666666666666,2,0,yes
23246,4,4,119,1,0.0084033613445378,1,0,yes
23247,4,2,104,1,0.0096153846153846,1,0,yes
23263,4,3,64,2,0.03125,1,1,yes
23286,4,2,86,1,0.0116279069767441,1,0,yes
23338,4,4,106,1,0.0094339622641509,1,0,yes
23345,4,3,102,2,0.0196078431372549,1,1,yes
23448,4,4,122,1,0.0081967213114754,1,0,yes
23483,4,3,119,2,0.0168067226890756,1,1,yes
23542,4,4,117,5,0.0427350427350427,4,1,yes
23568,4,4,75,1,0.0133333333333333,1,0,yes
23571,4,4,41,1,0.024390243902439,1,0,yes
23578,4,3,93,1,0.010752688172043,1,0,yes
23583,4,4,118,3,0.0254237288135593,2,1,yes
23596,4,4,46,2,0.0434782608695652,2,0,yes
23603,4,4,102,1,0.0098039215686274,1,0,yes
23672,4,4,107,1,0.0093457943925233,0,1,yes
23682,4,3,132,1,0.0075757575757575,1,0,yes
23700,4,4,114,4,0.0350877192982456,4,0,yes
23707,4,2,123,1,0.008130081300813,0,1,yes
23780,4,3,99,2,0.0202020202020202,1,1,yes
23812,4,4,65,2,0.0307692307692307,2,0,yes
23816,4,4,91,5,0.0549450549450549,5,0,yes
23836,4,4,120,1,0.0083333333333333,1,0,yes
23847,4,3,125,2,0.016,2,0,yes
23855,4,4,60,4,0.0666666666666666,3,1,yes
23895,4,4,49,1,0.0204081632653061,1,0,yes
23931,4,3,113,3,0.0265486725663716,1,2,yes
23940,4,3,128,3,0.0234375,3,0,yes
23994,4,4,126,2,0.0158730158730158,1,1,yes
24007,4,4,113,1,0.0088495575221238,1,0,yes
24058,4,2,40,2,0.05,2,0,yes
24077,4,4,87,2,0.0229885057471264,1,1,yes
24080,4,4,95,3,0.031578947368421,3,0,yes
24096,4,4,123,4,0.032520325203252,4,0,yes
24099,4,4,21,1,0.0476190476190476,1,0,yes
24117,4,3,122,2,0.0163934426229508,1,1,yes
24150,4,4,128,1,0.0078125,1,0,yes
24168,4,4,115,1,0.008695652173913,1,0,yes
24176,4,4,121,2,0.0165289256198347,1,1,yes
24184,4,4,80,2,0.025,1,1,yes
24200,4,4,116,1,0.0086206896551724,1,0,yes
24210,4,4,127,1,0.0078740157480314,0,1,yes
24222,4,4,49,1,0.0204081632653061,1,0,yes
24247,4,3,120,1,0.0083333333333333,0,1,yes
24254,4,4,121,1,0.0082644628099173,1,0,yes
24256,4,4,118,1,0.0084745762711864,1,0,yes
24261,4,3,28,2,0.0714285714285714,2,0,yes
24275,4,2,122,1,0.0081967213114754,0,1,yes
24284,4,4,117,1,0.0085470085470085,1,0,yes
24289,4,3,77,1,0.0129870129870129,1,0,yes
24349,4,4,109,1,0.0091743119266055,0,1,yes
24359,4,4,119,5,0.042016806722689,3,2,yes
24374,4,2,64,3,0.046875,2,1,yes
24375,4,3,119,1,0.0084033613445378,1,0,yes
24392,4,3,127,1,0.0078740157480314,1,0,yes
24397,4,4,53,3,0.0566037735849056,3,0,yes
24414,4,3,90,1,0.0111111111111111,1,0,yes
24450,4,3,99,2,0.0202020202020202,1,1,yes
24451,4,3,67,2,0.0298507462686567,1,1,yes
24526,4,4,77,2,0.0259740259740259,1,1,yes
24551,4,4,115,1,0.008695652173913,1,0,yes
24576,4,2,123,2,0.016260162601626,2,0,yes
24591,4,4,51,1,0.0196078431372549,1,0,yes
24607,4,4,104,3,0.0288461538461538,2,1,yes
24644,4,3,115,1,0.008695652173913,1,0,yes
24722,4,4,122,2,0.0163934426229508,2,0,yes
24764,4,3,84,1,0.0119047619047619,0,1,yes
24766,4,3,115,1,0.008695652173913,1,0,yes
24775,4,4,120,1,0.0083333333333333,1,0,yes
24802,4,4,78,1,0.0128205128205128,1,0,yes
24863,4,3,57,1,0.0175438596491228,1,0,yes
24870,4,3,120,1,0.0083333333333333,1,0,yes
25006,3,2,108,2,0.0185185185185185,2,0,yes
25079,3,3,60,4,0.0666666666666666,4,0,yes
25102,3,3,105,1,0.0095238095238095,0,1,yes
25187,3,2,122,1,0.0081967213114754,1,0,yes
25276,3,3,116,1,0.0086206896551724,0,1,yes
25309,3,3,117,1,0.0085470085470085,0,1,yes
25404,3,2,109,1,0.0091743119266055,1,0,yes
25545,3,3,77,1,0.0129870129870129,0,1,yes
25571,3,2,79,4,0.050632911392405,3,1,yes
25631,3,3,82,2,0.024390243902439,1,1,yes
25664,3,3,107,1,0.0093457943925233,0,1,yes
25671,3,3,116,1,0.0086206896551724,1,0,yes
25703,3,3,106,1,0.0094339622641509,1,0,yes
25706,3,3,63,1,0.0158730158730158,1,0,yes
25710,3,3,49,2,0.0408163265306122,2,0,yes
25717,3,3,121,3,0.024793388429752,1,2,yes
25797,3,2,61,1,0.0163934426229508,1,0,yes
25861,3,3,98,4,0.0408163265306122,2,2,yes
25897,3,3,50,1,0.02,1,0,yes
25903,3,2,118,3,0.0254237288135593,2,1,yes
26148,3,3,46,1,0.0217391304347826,1,0,yes
26169,3,2,61,1,0.0163934426229508,0,1,yes
26273,3,3,121,2,0.0165289256198347,2,0,yes
26292,3,3,106,3,0.0283018867924528,3,0,yes
26434,3,3,79,1,0.0126582278481012,0,1,yes
26435,3,3,120,5,0.0416666666666666,4,1,yes
26448,3,2,23,1,0.0434782608695652,1,0,yes
26516,3,3,82,3,0.0365853658536585,3,0,yes
26523,3,2,110,1,0.009090909090909,1,0,yes
26526,3,2,114,2,0.0175438596491228,2,0,yes
26529,3,3,122,3,0.0245901639344262,3,0,yes
26563,3,3,116,1,0.0086206896551724,1,0,yes
26609,3,3,105,1,0.0095238095238095,1,0,yes
26610,3,3,115,1,0.008695652173913,1,0,yes
26621,3,3,63,1,0.0158730158730158,1,0,yes
26665,3,2,68,1,0.0147058823529411,1,0,yes
26688,3,3,105,1,0.0095238095238095,1,0,yes
26696,3,2,59,1,0.0169491525423728,0,1,yes
26712,3,2,121,1,0.0082644628099173,0,1,yes
26745,3,3,117,2,0.017094017094017,2,0,yes
26746,3,3,121,1,0.0082644628099173,1,0,yes
26748,3,3,52,2,0.0384615384615384,1,1,yes
26750,3,3,60,1,0.0166666666666666,1,0,yes
26753,3,3,105,1,0.0095238095238095,1,0,yes
26756,3,1,137,1,0.0072992700729927,1,0,yes
26816,3,3,121,1,0.0082644628099173,1,0,yes
26830,3,2,95,3,0.031578947368421,2,1,yes
26835,3,2,83,1,0.0120481927710843,0,1,yes
26883,3,3,124,5,0.0403225806451612,1,4,yes
26898,3,3,122,4,0.0327868852459016,2,2,yes
26912,3,3,120,2,0.0166666666666666,2,0,yes
26918,3,3,118,2,0.0169491525423728,2,0,yes
26971,3,3,123,4,0.032520325203252,4,0,yes
26982,3,3,123,1,0.008130081300813,0,1,yes
27000,3,3,122,1,0.0081967213114754,1,0,yes
27009,3,3,123,1,0.008130081300813,1,0,yes
27026,3,3,48,1,0.0208333333333333,1,0,yes
27063,3,3,123,3,0.024390243902439,3,0,yes
27088,3,2,107,2,0.0186915887850467,2,0,yes
27095,3,2,27,3,0.1111111111111111,2,1,yes
27097,3,3,115,2,0.017391304347826,1,1,yes
27101,3,3,81,1,0.0123456790123456,1,0,yes
27137,3,3,102,1,0.0098039215686274,1,0,yes
27146,3,3,94,5,0.0531914893617021,5,0,yes
27168,3,3,81,4,0.0493827160493827,4,0,yes
27266,3,3,123,1,0.008130081300813,1,0,yes
27273,3,2,108,2,0.0185185185185185,2,0,yes
27284,3,3,75,5,0.0666666666666666,4,1,yes
27298,3,3,74,1,0.0135135135135135,1,0,yes
27327,3,2,115,1,0.008695652173913,0,1,yes
27410,3,3,52,4,0.0769230769230769,4,0,yes
27435,3,3,52,1,0.0192307692307692,0,1,yes
27483,3,2,129,1,0.0077519379844961,0,1,yes
27487,3,2,108,2,0.0185185185185185,1,1,yes
27512,3,3,119,3,0.0252100840336134,1,2,yes
27546,3,3,45,2,0.0444444444444444,2,0,yes
27571,3,2,85,1,0.0117647058823529,1,0,yes
27582,3,2,105,1,0.0095238095238095,0,1,yes
27590,3,2,118,2,0.0169491525423728,2,0,yes
27633,3,3,119,1,0.0084033613445378,1,0,yes
27641,3,3,120,1,0.0083333333333333,1,0,yes
27650,3,3,124,1,0.0080645161290322,1,0,yes
27652,3,2,92,1,0.0108695652173913,0,1,yes
27666,3,3,12,1,0.0833333333333333,1,0,yes
27685,3,2,123,1,0.008130081300813,0,1,yes
27706,3,3,103,3,0.029126213592233,3,0,yes
27714,3,2,75,1,0.0133333333333333,1,0,yes
27724,3,2,61,2,0.0327868852459016,1,1,yes
27727,3,2,105,1,0.0095238095238095,1,0,yes
27729,3,3,107,1,0.0093457943925233,1,0,yes
27746,3,3,123,2,0.016260162601626,1,1,yes
27780,3,3,23,1,0.0434782608695652,1,0,yes
27821,3,3,89,3,0.0337078651685393,2,1,yes
27921,3,1,73,1,0.0136986301369863,0,1,yes
27946,3,2,106,1,0.0094339622641509,1,0,yes
27958,3,2,62,1,0.0161290322580645,1,0,yes
27971,3,3,55,1,0.0181818181818181,1,0,yes
27993,3,3,124,1,0.0080645161290322,0,1,yes
28026,3,2,123,1,0.008130081300813,1,0,yes
28039,3,3,99,3,0.0303030303030303,1,2,yes
28066,3,2,129,1,0.0077519379844961,1,0,yes
28089,3,2,98,1,0.010204081632653,1,0,yes
28107,3,3,45,1,0.0222222222222222,1,0,yes
28116,3,3,105,5,0.0476190476190476,3,2,yes
28172,3,3,109,1,0.0091743119266055,1,0,yes
28217,2,2,55,3,0.0545454545454545,2,1,yes
28556,2,2,103,3,0.029126213592233,3,0,yes
28560,2,2,117,1,0.0085470085470085,1,0,yes
28945,2,2,59,3,0.0508474576271186,3,0,yes
28967,2,1,125,1,0.008,1,0,yes
28975,2,2,107,1,0.0093457943925233,1,0,yes
28992,2,2,126,1,0.0079365079365079,1,0,yes
29033,2,2,104,5,0.048076923076923,4,1,yes
29191,2,2,62,1,0.0161290322580645,1,0,yes
29221,2,2,112,1,0.0089285714285714,1,0,yes
29265,2,2,41,1,0.024390243902439,0,1,yes
29318,2,2,62,5,0.0806451612903225,4,1,yes
29334,2,2,74,1,0.0135135135135135,0,1,yes
29377,2,2,122,3,0.0245901639344262,3,0,yes
29380,2,2,90,1,0.0111111111111111,1,0,yes
29386,2,2,120,1,0.0083333333333333,0,1,yes
29422,2,2,141,2,0.0141843971631205,2,0,yes
29492,2,2,107,1,0.0093457943925233,1,0,yes
29593,2,2,98,1,0.010204081632653,1,0,yes
29601,2,2,122,1,0.0081967213114754,1,0,yes
29663,2,2,48,1,0.0208333333333333,1,0,yes
29697,2,2,65,5,0.0769230769230769,5,0,yes
29819,2,2,51,3,0.0588235294117647,3,0,yes
29918,2,2,130,4,0.0307692307692307,3,1,yes
30024,2,2,59,2,0.0338983050847457,1,1,yes
30071,2,2,62,1,0.0161290322580645,1,0,yes
30140,2,2,109,1,0.0091743119266055,0,1,yes
30152,2,2,104,1,0.0096153846153846,1,0,yes
30197,2,2,98,1,0.010204081632653,1,0,yes
30225,2,2,128,1,0.0078125,1,0,yes
30371,2,2,98,4,0.0408163265306122,2,2,yes
30424,2,2,43,2,0.0465116279069767,2,0,yes
30520,2,2,69,1,0.0144927536231884,1,0,yes
30591,2,2,109,1,0.0091743119266055,0,1,yes
30643,2,2,119,2,0.0168067226890756,2,0,yes
30644,2,2,115,1,0.008695652173913,1,0,yes
30701,2,2,122,1,0.0081967213114754,0,1,yes
30703,2,2,102,3,0.0294117647058823,3,0,yes
30741,2,1,90,1,0.0111111111111111,1,0,yes
30744,2,2,122,1,0.0081967213114754,0,1,yes
30781,2,2,121,1,0.0082644628099173,0,1,yes
30871,2,2,95,2,0.0210526315789473,1,1,yes
31011,2,1,124,1,0.0080645161290322,1,0,yes
31163,2,2,63,4,0.0634920634920634,2,2,yes
31177,2,2,109,2,0.018348623853211,1,1,yes
31212,2,2,97,1,0.0103092783505154,1,0,yes
31236,2,2,122,1,0.0081967213114754,1,0,yes
31240,2,2,102,1,0.0098039215686274,1,0,yes
31252,2,2,123,5,0.040650406504065,3,2,yes
31287,2,1,72,1,0.0138888888888888,1,0,yes
31331,2,2,13,2,0.1538461538461538,2,0,yes
31372,2,2,122,3,0.0245901639344262,2,1,yes
31434,2,2,107,3,0.02803738317757,3,0,yes
31470,2,2,106,1,0.0094339622641509,1,0,yes
31480,2,2,123,1,0.008130081300813,0,1,yes
31517,2,2,63,2,0.0317460317460317,2,0,yes
31565,2,2,66,1,0.0151515151515151,1,0,yes
31616,2,2,40,2,0.05,2,0,yes
31632,2,2,125,1,0.008,1,0,yes
31664,2,2,84,2,0.0238095238095238,2,0,yes
31711,2,2,124,3,0.0241935483870967,3,0,yes
31720,2,2,109,3,0.0275229357798165,1,2,yes
31735,2,2,44,4,0.0909090909090909,4,0,yes
31753,2,1,95,1,0.0105263157894736,1,0,yes
31789,2,2,128,5,0.0390625,4,1,yes
31885,2,2,61,5,0.081967213114754,4,1,yes
31903,2,2,58,1,0.0172413793103448,0,1,yes
31919,2,2,90,3,0.0333333333333333,3,0,yes
31949,2,2,106,1,0.0094339622641509,1,0,yes
31950,2,2,126,4,0.0317460317460317,3,1,yes
31954,2,2,62,1,0.0161290322580645,1,0,yes
31958,2,2,64,3,0.046875,2,1,yes
31962,2,2,104,1,0.0096153846153846,1,0,yes
32138,2,2,50,3,0.06,3,0,yes
32148,2,2,74,1,0.0135135135135135,1,0,yes
32160,2,2,122,1,0.0081967213114754,1,0,yes
32170,2,2,122,3,0.0245901639344262,3,0,yes
32233,2,2,125,4,0.032,4,0,yes
32287,2,2,22,3,0.1363636363636363,3,0,yes
32379,2,2,30,1,0.0333333333333333,1,0,yes
32403,2,2,38,2,0.0526315789473684,1,1,yes
32424,2,2,58,1,0.0172413793103448,1,0,yes
32442,2,2,115,2,0.017391304347826,2,0,yes
32445,2,1,126,1,0.0079365079365079,1,0,yes
32459,2,2,117,3,0.0256410256410256,3,0,yes
32512,2,1,84,1,0.0119047619047619,1,0,yes
32522,2,2,122,1,0.0081967213114754,1,0,yes
32542,2,2,61,1,0.0163934426229508,1,0,yes
32652,2,1,115,2,0.017391304347826,2,0,yes
32666,2,2,20,1,0.05,1,0,yes
32672,2,2,69,1,0.0144927536231884,1,0,yes
32808,2,2,123,1,0.008130081300813,1,0,yes
32828,2,2,117,2,0.017094017094017,2,0,yes
32854,2,2,94,1,0.0106382978723404,1,0,yes
32858,2,2,63,1,0.0158730158730158,1,0,yes
32933,2,2,54,1,0.0185185185185185,1,0,yes
33133,1,1,122,1,0.0081967213114754,1,0,yes
